,Job,Create,Start
0,a01,2023-10-06 06:25:41,2023-10-06 06:25:41
1,a02,2023-10-06 06:30:58,2023-10-06 06:31:00
2,a03,2023-10-06 06:46:53,2023-10-06 06:46:53
3,a04,2023-10-06 06:12:55,2023-10-06 06:12:55
4,a05,2023-10-06 06:36:16,2023-10-06 06:36:16
5,b01,2023-10-06 06:11:50,2023-10-06 06:11:50
6,b02,2023-10-06 06:36:17,2023-10-06 06:36:17
7,b03,2023-10-06 06:15:00,2023-10-06 06:15:00
8,b04,2023-10-06 06:19:15,2023-10-06 06:19:15
9,b05,2023-10-06 06:16:19,2023-10-06 06:16:19
10,c01,2023-10-06 06:36:17,2023-10-06 06:36:17
11,c02,2023-10-06 06:41:37,2023-10-06 06:46:53
12,c03,2023-10-06 06:36:17,2023-10-06 06:41:33
13,c04,2023-10-06 06:13:50,2023-10-06 06:13:50
14,c05,2023-10-06 06:41:34,2023-10-06 06:41:34
15,d01,2023-10-06 06:17:24,2023-10-06 06:19:14
16,d02,2023-10-06 06:31:01,2023-10-06 06:36:15
17,d03,2023-10-06 06:41:34,2023-10-06 06:41:37
18,d04,2023-10-06 06:19:16,2023-10-06 06:25:40
19,d05,2023-10-06 06:25:41,2023-10-06 06:30:57
